	SBS29_GRCh37
A[C>A]A	0.0632092620531686
A[C>A]C	0.0512075034354784
A[C>A]G	0.0192028137883044
A[C>A]T	0.0356052172324811
A[C>G]A	0.00314046017162895
A[C>G]C	0.00263038543037711
A[C>G]G	0.000896131310120872
A[C>G]T	0.00249036491317073
A[C>T]A	0.00509074594700361
A[C>T]C	0.00431063163685375
A[C>T]G	0.0201029456846312
A[C>T]T	0.00183026818919776
A[T>A]A	0.000619090715362522
A[T>A]C	0.00200029310294837
A[T>A]G	0.00248036344765598
A[T>A]T	0.00196028724088941
A[T>C]A	0.00196028724088941
A[T>C]C	0.00229033560287589
A[T>C]G	0.00275040301655402
A[T>C]T	0.00115016853419532
A[T>G]A	0.000407059646449994
A[T>G]C	0.000817119732554411
A[T>G]G	0.000420061551619159
A[T>G]T	0.000810118706694092
C[C>A]A	0.0542079430899009
C[C>A]C	0.0369054077493975
C[C>A]G	0.014802168961818
C[C>A]T	0.0519076060215103
C[C>G]A	0.00329048215435008
C[C>G]C	0.00634092913634635
C[C>G]G	0.00130019051691644
C[C>G]T	0.00669098042936231
C[C>T]A	0.00761111525671856
C[C>T]C	0.00164024034441767
C[C>T]G	0.0153022422375551
C[C>T]T	0.000673098629142128
C[T>A]A	0.00195028577537466
C[T>A]C	0.0014102066375786
C[T>A]G	0.00198029017191889
C[T>A]T	0.00198029017191889
C[T>C]A	0.00118017293073954
C[T>C]C	0.0018402696547125
C[T>C]G	0.00391057301626407
C[T>C]T	0.00178026086162405
C[T>G]A	0.00078111445670134
C[T>G]C	0.0000056908338778881
C[T>G]G	0.00033204865508943
C[T>G]T	0.000767112404980702
G[C>A]A	0.0971142301481436
G[C>A]C	0.0903132335981191
G[C>A]G	0.0230033706839063
G[C>A]T	0.0846123982547162
G[C>G]A	0.0022703326718464
G[C>G]C	0.00164024034441767
G[C>G]G	0.00000688100827414241
G[C>G]T	0.00321047043023214
G[C>T]A	0.0104015241353315
G[C>T]C	0.00796116654973453
G[C>T]G	0.0183026818919776
G[C>T]T	0.00512075034354784
G[T>A]A	0.00343050267155646
G[T>A]C	0.000789115629113134
G[T>A]G	0.00366053637839553
G[T>A]T	0.00107015681007738
G[T>C]A	0.00108015827559212
G[T>C]C	0.00359052611979233
G[T>C]G	0.00299043818890782
G[T>C]T	0.00155022715478499
G[T>G]A	0.00004906580161191
G[T>G]C	0.00001713438770183
G[T>G]G	0.000770112844635124
G[T>G]T	0.00115016853419532
T[C>A]A	0.0452066241266333
T[C>A]C	0.0411060232655891
T[C>A]G	0.0174025499956509
T[C>A]T	0.0411060232655891
T[C>G]A	0.000107015681007738
T[C>G]C	0.0068310009465687
T[C>G]G	0.000897131456672346
T[C>G]T	0.000336049241295327
T[C>T]A	0.00639093646392006
T[C>T]C	0.000000000000003
T[C>T]G	0.0144021103412283
T[C>T]T	0.00428062724030952
T[T>A]A	0.000764111965326279
T[T>A]C	0.00193028284434518
T[T>A]G	0.000924135413562149
T[T>A]T	0.00120017586176902
T[T>C]A	0.00259037956831814
T[T>C]C	0.00150021982721128
T[T>C]G	0.000379055543008717
T[T>C]T	0.000822120465311782
T[T>G]A	0.000467068439538445
T[T>G]C	0.00009931455256138
T[T>G]G	0.000180026379265354
T[T>G]T	0.000928135999768046